Part Number,DDR,Dimm Type,Density,Rank x Organization,Speed,Voltage,Number of Pins,Component Composition,Product Status
 M321R8GA0PB0-CWM ,DDR5,RDIMM,64 GB,2R x 4,5600 Mbps,1.1 V,288,(4G x 4) x 40,Sample
 M323R1GB4PB0-CWM ,DDR5,UDIMM,8 GB,1R x 16,5600 Mbps,1.1 V,288,(1G x 16) x 4,Sample
 M321R3GA3BB0-CQK ,DDR5,RDIMM,24 GB,1R x 8,4800 Mbps,1.1 V,288,(2G x 8) x 10,Mass Production
 M321R6GA0BB0-CQK ,DDR5,RDIMM,48 GB,1R x 4,4800 Mbps,1.1 V,288,(4G x 4) x 20,Mass Production
 M321R6GA3BB0-CQK ,DDR5,RDIMM,48 GB,2R x 8,4800 Mbps,1.1 V,288,(2G x 8) x 20,Mass Production
 M321RYGA0BB0-CQK ,DDR5,RDIMM,96 GB,2R x 4,4800 Mbps,1.1 V,288,(4G x 4) x 40,Mass Production
 M329R6GA0BB0-CQK ,DDR5,RDIMM,48 GB,1R x 4 (9x4),4800 Mbps,1.1 V,288,(4G x 4) x 18 (9x4),Mass Production
 M329RYGA0BB0-CQK ,DDR5,RDIMM,96 GB,2R x4 (9x4),4800 Mbps,1.1 V,288,(4G x 4) x 36 (9x4),Mass Production
 M324R2GA3DB0-CWM ,DDR5,ECC UDIMM,16 GB,1R x 8,5600 Mbps,1.1 V,288,(2G x 8) x 10,Sample
 M324R2GA3PB0-CWM ,DDR5,ECC UDIMM,16 GB,1R x 8,5600 Mbps,1.1 V,288,(2G x 8) x 10,Sample
 M324R4GA3DB0-CWM ,DDR5,ECC UDIMM,32 GB,2R x 8,5600 Mbps,1.1 V,288,(4G x 8) x 20,Sample
 M324R4GA3PB0-CWM ,DDR5,ECC UDIMM,32 GB,2R x 8,5600 Mbps,1.1 V,288,(4G x 8) x 20,Sample
 M324R6GA3BB0-CWM ,DDR5,ECC UDIMM,48 GB,2R x 8,5600 Mbps,1.1 V,288,(3G x 8) x 20,Sample
 M426R2GA3DB0-CWM ,DDR5,ECC SODIMM,16 GB,1R x 8,5600 Mbps,1.1 V,262,(2G x 8) x 10,Sample
 M426R2GA3PB0-CWM ,DDR5,ECC SODIMM,16 GB,1R x 8,5600 Mbps,1.1 V,262,(2G x 8) x 10,Sample
 M426R4GA3DB0-CWM ,DDR5,ECC SODIMM,32 GB,2R x 8,5600 Mbps,1.1 V,262,(4G x 8) x 20,Sample
 M426R4GA3PB0-CWM ,DDR5,ECC SODIMM,32 GB,2R x 8,5600 Mbps,1.1 V,262,(4G x 8) x 20,Sample
 M321R2GA3PB0-CWM ,DDR5,RDIMM,16 GB,1R x 8,5600 Mbps,1.1 V,288,(2G x 8) x 10,Sample
 M321R4GA0PB0-CWM ,DDR5,RDIMM,32 GB,1R x 4,5600 Mbps,1.1 V,288,(4G x 4) x 20,Sample
 M321R4GA3PB0-CWM ,DDR5,RDIMM,32 GB,2R x 8,5600 Mbps,1.1 V,288,(2G x 8) x 20,Sample
 M329R4GA0PB0-CWM ,DDR5,RDIMM,32 GB,1R x 4 (9x4),5600 Mbps,1.1 V,288,(4G x 4) x 18 (9x4),Sample
 M329R8GA0PB0-CWM ,DDR5,RDIMM,64 GB,2R x4 (9x4),5600 Mbps,1.1 V,288,(4G x 4) x 36 (9x4),Sample
 M425R1GB4DB0-CWM ,DDR5,SODIMM,8 GB,1R x 16,5600 Mbps,1.1 V,262,(1G x 16) x 4,Sample
 M425R1GB4PB0-CWM ,DDR5,SODIMM,8 GB,1R x 16,5600 Mbps,1.1 V,262,(1G x 16) x 4,Sample
 M425R2GA3PB0-CWM ,DDR5,SODIMM,16 GB,1R x 8,5600 Mbps,1.1 V,262,(2G x 8) x 8,Sample
 M425R2GA4DB0-CWM ,DDR5,SODIMM,16 GB,1R x 8,5600 Mbps,1.1 V,262,(2G x 8) x 8,Sample
 M425R3GA3BB0-CWM ,DDR5,SODIMM,24 GB,1R x 8,5600 Mbps,1.1 V,262,(3G x 8) x 8,Sample
 M425R4GA3PB0-CWM ,DDR5,SODIMM,32 GB,2R x 8,5600 Mbps,1.1 V,262,(2G x 8) x 16,Sample
 M425R4GA4DB0-CWM ,DDR5,SODIMM,32 GB,2R x 8,5600 Mbps,1.1 V,262,(2G x 8) x 16,Sample
 M425R6GA3BB0-CWM ,DDR5,SODIMM,48 GB,2R x 8,5600 Mbps,1.1 V,262,(3G x 8) x 16,Sample
 M425RZGB4BB0-CWM ,DDR5,SODIMM,12 GB,1R x 16,5600 Mbps,1.1 V,262,(1.5G x 16) x 4,Sample
 M323R2GA3PB0-CWM ,DDR5,UDIMM,16 GB,1R x 8,5600 Mbps,1.1 V,288,(2G x 8) x 8,Sample
 M323R3GB3BB0-CWM ,DDR5,UDIMM,24 GB,1R x 8,5600 Mbps,1.1 V,288,(3G x 8) x 8,Sample
 M323R4GA3PB0-CWM ,DDR5,UDIMM,32 GB,2R x 8,5600 Mbps,1.1 V,288,(2G x 8) x 16,Sample
 M323R6GB3BB0-CWM ,DDR5,UDIMM,48 GB,2R x 8,5600 Mbps,1.1 V,288,(3G x 8) x 16,Sample
 M323RZGB4BB0-CWM ,DDR5,UDIMM,12 GB,1R x 16,5600 Mbps,1.1 V,288,(1.5G x 16) x 4,Sample
 M391A2G43CB2-CWE ,DDR4,ECC UDIMM,16 GB,1R x 8,3200 Mbps,1.2 V,288,(1G x 8) x 18,Sample
 M391A4G43CB1-CWE ,DDR4,ECC UDIMM,32 GB,2R x 8,3200 Mbps,1.2 V,288,(2G x 8) x 18,Sample
 M474A2G43CB2-CWE ,DDR4,ECC SODIMM,16 GB,1R x 8,3200 Mbps,1.2 V,260,(1G x 8) x 18,Sample
 M474A4G43CB1-CWE ,DDR4,ECC SODIMM,32 GB,2R x 8,3200 Mbps,1.2 V,260,(2G x 8) x 18,Sample
 M393A4G40CB3-CWE ,DDR4,RDIMM,32 GB,1R x 4,3200 Mbps,1.2 V,288,(4G x 4) x 18,Mass Production
 M393A4G43CB4-CWE ,DDR4,RDIMM,32 GB,2R x 8,3200 Mbps,1.2 V,288,(2G x 8) x 18,Mass Production
 M393A8G40CB4-CWE ,DDR4,RDIMM,64 GB,2R x 4,3200 Mbps,1.2 V,288,(4G x 4) x 36,Mass Production
 M471A1G44CB0-CWE ,DDR4,SODIMM,8 GB,1R x 16,3200 Mbps,1.2 V,260,(1G x 16) x 4,Mass Production
 M471A2G43CB2-CWE ,DDR4,SODIMM,16 GB,1R x 8,3200 Mbps,1.2 V,260,(2G x 8) x 8,Mass Production
 M471A4G43CB1-CWE ,DDR4,SODIMM,32 GB,2R x 8,3200 Mbps,1.2 V,260,(2G x 8) x 16,Mass Production
 M471A5244GB0-CWE ,DDR4,SODIMM,4 GB,1R x 16,3200 Mbps,1.2 V,260,(512M x 8) x 4,Mass Production
 M323R1GB4DB0-CWM ,DDR5,UDIMM,8 GB,1R x 16,5600 Mbps,1.1 V,288,(1G x 16) x 4,Sample
 M323R2GA3DB0-CWM ,DDR5,UDIMM,16 GB,1R x 8,5600 Mbps,1.1 V,288,(2G x 8) x 8,Sample
 M323R4GA3DB0-CWM ,DDR5,UDIMM,32 GB,2R x 8,5600 Mbps,1.1 V,288,(2G x 8) x 16,Sample
 M378A1G44CB0-CWE ,DDR4,UDIMM,8 GB,1R x 16,3200 Mbps,1.2 V,260,(1G x 16) x 4,Mass Production
 M378A2G43CB3-CWE ,DDR4,UDIMM,16 GB,1R x 8,3200 Mbps,1.2 V,260,(2G x 8) x 8,Mass Production
 M378A4G43CB2-CWE ,DDR4,UDIMM,32 GB,2R x 8,3200 Mbps,1.2 V,260,(2G x 8) x 16,Mass Production
 M378A5244GB0-CWE ,DDR4,UDIMM,4 GB,1R x 16,3200 Mbps,1.2 V,288,(512M x 16) x 4,Mass Production
 M378A1G44BB0-CWE ,DDR4,UDIMM,8 GB,1R x 16,3200 Mbps,1.2 V,260,(1G x 16) x 4,Mass Production
 M378A2G43BB3-CWE ,DDR4,UDIMM,16 GB,1R x 8,3200 Mbps,1.2 V,260,(2G x 8) x 8,Mass Production
 M378A4G43BB2-CWE ,DDR4,UDIMM,32 GB,2R x 8,3200 Mbps,1.2 V,260,(2G x 8) x 16,Mass Production
 M471A1G44BB0-CWE ,DDR4,SODIMM,8 GB,1R x 16,3200 Mbps,1.2 V,288,(1G x 16) x 4,Mass Production
 M471A2G43BB2-CWE ,DDR4,SODIMM,16 GB,1R x 8,3200 Mbps,1.2 V,288,(2G x 8) x 8,Mass Production
 M471A4G43BB1-CWE ,DDR4,SODIMM,32 GB,2R x 8,3200 Mbps,1.2 V,288,(2G x 8) x 16,Mass Production
 M425R1GB4BB0-CWM ,DDR5,SODIMM,8 GB,1R x 16,5600 Mbps,1.1 V,262,(1G x 16) x 4,Mass Production
 M425R2GA3BB0-CWM ,DDR5,SODIMM,16 GB,1R x 8,5600 Mbps,1.1 V,262,(2G x 8) x 8,Mass Production
 M425R4GA3BB0-CWM ,DDR5,SODIMM,32 GB,2R x 8,5600 Mbps,1.1 V,262,(2G x 8) x 16,Mass Production
 M324R2GA3BB0-CQK ,DDR5,ECC UDIMM,16 GB,1R x 8,4800 Mbps,1.1 V,288,(2G x 8) x 10,Mass Production
 M324R4GA3BB0-CQK ,DDR5,ECC UDIMM,32 GB,2R x 8,4800 Mbps,1.1 V,288,(4G x 8) x 20,Mass Production
 M391A2G43BB2-CWE ,DDR4,ECC UDIMM,16 GB,1R x 8,3200 Mbps,1.2 V,288,(2G x 8) x 9,Mass Production
 M391A4G43BB1-CWE ,DDR4,ECC UDIMM,32 GB,2R x 8,3200 Mbps,1.2 V,288,(4G x 8) x 18,Mass Production
 M426R2GA3BB0-CQK ,DDR5,ECC SODIMM,16 GB,1R x 8,4800 Mbps,1.1 V,262,(2G x 8) x 10,Mass Production
 M426R4GA3BB0-CQK ,DDR5,ECC SODIMM,32 GB,2R x 8,4800 Mbps,1.1 V,262,(4G x 8) x 20,Mass Production
 M474A2G43BB2-CWE ,DDR4,ECC SODIMM,16 GB,1R x 8,3200 Mbps,1.2 V,260,(2G x 8) x 9,Mass Production
 M474A4G43BB1-CWE ,DDR4,ECC SODIMM,32 GB,2R x 8,3200 Mbps,1.2 V,260,(4G x 8) x 18,Mass Production
 M386AAG40BM3-CWE ,DDR4,RDIMM,128 GB,4R x 4,3200 Mbps,1.2 V,288,(DDP 8G x 4) x 36,Mass Production
 M321R2GA3BB6-CQK ,DDR5,RDIMM,16 GB,1R x 8,4800 Mbps,1.1 V,288,(2G x 8) x 10,Mass Production
 M321R4GA0BB0-CQK ,DDR5,RDIMM,32 GB,1R x 4,4800 Mbps,1.1 V,288,(4G x 4) x 20,Mass Production
 M321R4GA3BB6-CQK ,DDR5,RDIMM,32 GB,2R x 8,4800 Mbps,1.1 V,288,(2G x 8) x 20,Mass Production
 M321R8GA0BB0-CQK ,DDR5,RDIMM,64 GB,2R x 4,4800 Mbps,1.1 V,288,(4G x 4) x 40,Mass Production
 M321RAGA0B20-CWK ,DDR5,RDIMM,128 GB,4R x 4,4800 Mbps,1.1 V,288,(2H 3DS 8G x 4) x 40,Mass Production
 M321RBGA0B40-CWK ,DDR5,RDIMM,256 GB,8R x 4,4800 Mbps,1.1 V,288,(4H 3DS 16G x 4) x 40,Mass Production
 M329R4GA0BB0-CQK ,DDR5,RDIMM,32 GB,1R x 4 (9x4),4800 Mbps,1.1 V,288,(4G x 4) x 18 (9x4),Mass Production
 M329R8GA0BB0-CQK ,DDR5,RDIMM,64 GB,2R x4 (9x4),4800 Mbps,1.1 V,288,(4G x 4) x 36 (9x4),Mass Production
 M393A2K40EB3-CWE ,DDR4,RDIMM,16 GB,1R x 4,3200 Mbps,1.2 V,288,(2G x 4) x 18,Mass Production
 M393A2K43EB3-CWE ,DDR4,RDIMM,16 GB,2R x 8,3200 Mbps,1.2 V,288,(1G x 8) x 18,Mass Production
 M393A4G40BB3-CWE ,DDR4,RDIMM,32 GB,1R x 4,3200 Mbps,1.2 V,288,(4G x 4) x 18,Mass Production
 M393A4G43BB4-CWE ,DDR4,RDIMM,32 GB,2R x 8,3200 Mbps,1.2 V,288,(2G x 8) x18,Mass Production
 M393A4K40EB3-CWE ,DDR4,RDIMM,32 GB,2R x 4,3200 Mbps,1.2 V,288,(2G x 4) x 36,Mass Production
 M393A8G40BB4-CWE ,DDR4,RDIMM,64 GB,2R x 4,3200 Mbps,1.2 V,288,(4G x 4) x 36,Mass Production
 M425R1GB4BB0-CQK ,DDR5,SODIMM,8 GB,1R x 16,4800 Mbps,1.1 V,262,(1G x 16) x 4,Mass Production
 M425R2GA3BB0-CQK ,DDR5,SODIMM,16 GB,1R x 8,4800 Mbps,1.1 V,262,(2G x 8) x 8,Mass Production
 M425R4GA3BB0-CQK ,DDR5,SODIMM,32 GB,2R x 8,4800 Mbps,1.1 V,262,(2G x 8) x 16,Mass Production
 M471A1G44AB0-CWE ,DDR4,SODIMM,8 GB,1R x 16,3200 Mbps,1.2 V,260,(1G x 16) x 4,EOL
 M471A1K43EB1-CWE ,DDR4,SODIMM,8 GB,1R x 8,3200 Mbps,1.2 V,260,(1G x 8) x 8,Mass Production
 M471A2G43AB2-CWE ,DDR4,SODIMM,16 GB,1R x 8,3200 Mbps,1.2 V,260,(2G x 8) x 8,EOL
 M471A2K43EB1-CWE ,DDR4,SODIMM,16 GB,2R x 8,3200 Mbps,1.2 V,260,(1G x 8) x 16,Mass Production
 M323R1GB4BB0-CQK ,DDR5,UDIMM,8 GB,1R x 16,5600 Mbps,1.1 V,288,(1G x 16) x 4,Sample
 M323R2GA3BB0-CQK ,DDR5,UDIMM,16 GB,1R x 8,4800 Mbps,1.1 V,288,(2G x 8) x 8,Mass Production
 M323R4GA3BB0-CQK ,DDR5,UDIMM,32 GB,2R x 8,4800 Mbps,1.1 V,288,(2G x 8) x 16,Mass Production
 M378A1K43EB2-CWE ,DDR4,UDIMM,8 GB,1R x 8,3200 Mbps,1.2 V,288,(1G x 8) x 8,Mass Production
 M378A2K43EB1-CWE ,DDR4,UDIMM,16 GB,2R x 8,3200 Mbps,1.2 V,288,(1G x 8) x 16,Mass Production
 M378A4G43AB2-CVF ,DDR4,UDIMM,32 GB,2R x 8,2933 Mbps,1.2 V,288,(2G x 8 ) x 16,Mass Production
 M378A4G43AB2-CWE ,DDR4,UDIMM,32 GB,2R x 8,2933 Mbps,1.2 V,288,(2G x 8 ) x 16,Mass Production
 M378A5244CB0-CWE ,DDR4,UDIMM,4 GB,1R x 16,3200 Mbps,1.2 V,288,(512M x 16) x 4,Mass Production
 M391A1K43DB2-CWE ,DDR4,ECC UDIMM,8 GB,1R x 8,3200 Mbps,1.2 V,288,(1G x 8) x 9,Mass Production
 M391A2K43DB1-CWE ,DDR4,ECC UDIMM,16 GB,2R x 8,3200 Mbps,1.2 V,288,(1G x 8) x 18,Mass Production
 M391A4G43AB1-CWE ,DDR4,ECC UDIMM,32 GB,2R x 8,3200 Mbps,1.2 V,288,(2G x 8) x 18,Mass Production
 M474A1K43DB1-CWE ,DDR4,ECC SODIMM,8 GB,1R x 8,3200 Mbps,1.2 V,260,(1G x 8) x 9,Mass Production
 M474A2K43DB1-CWE ,DDR4,ECC SODIMM,16 GB,2R x 8,3200 Mbps,1.2 V,260,(1G x 8) x 18,Mass Production
 M474A4G43AB1-CWE ,DDR4,ECC SODIMM,32 GB,2R x 8,3200 Mbps,1.2 V,260,(2G x 8) x 18,Mass Production
 M378A1G44AB0-CWE ,DDR4,UDIMM,8 GB,1R x 16,3200 Mbps,1.2 V,288,(1G x 16) x 4,Mass Production
 M378A2G43AB3-CWE ,DDR4,UDIMM,16 GB,1R x 8,3200 Mbps,1.2 V,288,(2G x 8) x 8,Mass Production
 M378A4G43AB1-CVF ,DDR4,UDIMM,32 GB,2R x 8,2933 Mbps,1.2 V,288,(2G x 8) x 16,EOL
 M378A4G43AB1-CWE ,DDR4,UDIMM,32 GB,2R x 8,3200 Mbps,1.2 V,288,(2G x 8) x 16,EOL
 M378A5244CB0-CVF ,DDR4,UDIMM,4 GB,1R x 16,2933 Mbps,1.2 V,288,(512M x 16) x 4,Mass Production
 M471A1K43BB0-CPB ,DDR4,SODIMM,8 GB,1R x 8,2133 Mbps,1.2 V,260,(1G x 8) x 8,EOL
 M471A1K43BB1-CRC ,DDR4,SODIMM,8 GB,1R x 8,2400 Mbps,1.2 V,260,(1G x 8) x 8,EOL
 M471A1K43BB1-CTD ,DDR4,SODIMM,8 GB,1R x 8,2666 Mbps,1.2 V,260,(1G x 8) x 8,EOL
 M471A2K43BB1-CPB ,DDR4,SODIMM,16 GB,2R x 8,2133 Mbps,1.2 V,260,(1G x 8) x 16,EOL
 M471A2K43BB1-CRC ,DDR4,SODIMM,16 GB,2R x 8,2400 Mbps,1.2 V,260,(1G x 8) x 16,EOL
 M471A2K43BB1-CTD ,DDR4,SODIMM,16 GB,2R x 8,2666 Mbps,1.2 V,260,(1G x 8) x 16,EOL
 M471A5143EB0-CPB ,DDR4,SODIMM,4 GB,1R x 8,2133 Mbps,1.2 V,260,(512M x 8) x 8,EOL
 M471A5143EB1-CPB ,DDR4,SODIMM,4 GB,1R x 8,2133 Mbps,1.2 V,260,(512M x 8) x 8,EOL
 M471A5143EB1-CRC ,DDR4,SODIMM,4 GB,1R x 8,2400 Mbps,1.2 V,260,(512M x 8) x 8,EOL
 M471A5244BB0-CPB ,DDR4,SODIMM,4 GB,1R x 16,2133 Mbps,1.2 V,260,(512M x 16) x 4,EOL
 M471A5244BB0-CRC ,DDR4,SODIMM,4 GB,1R x 16,2400 Mbps,1.2 V,260,(512M x 16) x 4,EOL
 M471A5244BB0-CTD ,DDR4,SODIMM,4 GB,1R x 16,2666 Mbps,1.2 V,260,(512M x 16) x 4,EOL
 M471A5644EB0-CPB ,DDR4,SODIMM,2 GB,1R x 16,2133 Mbps,1.2 V,260,(256M x 16) x 4,EOL
 M471A5644EB0-CRC ,DDR4,SODIMM,2 GB,1R x 16,2400 Mbps,1.2 V,260,(256M x 16) x 4,EOL
 M378A1K43DB2-CVF ,DDR4,UDIMM,8 GB,1R x 8,2933 Mbps,1.2 V,288,(1G x 8) x 8,EOL
 M378A2K43DB1-CVF ,DDR4,UDIMM,16 GB,2R x 8,2933 Mbps,1.2 V,288,(1G x 8) x 16,EOL
 M471A1K43DB1-CWE ,DDR4,SODIMM,8 GB,1R x 8,3200 Mbps,1.2 V,260,(1G x 8) x 8,EOL
 M471A1K43EB1-CTD ,DDR4,SODIMM,8 GB,1R x 8,2666 Mbps,1.2 V,260,(1G x 8) x 8,Mass Production
 M471A2K43DB1-CWE ,DDR4,SODIMM,16 GB,2R x 8,3200 Mbps,1.2 V,260,(1G x 8) x 16,EOL
 M471A2K43EB1-CTD ,DDR4,SODIMM,16 GB,2R x 8,2666 Mbps,1.2 V,260,(1G x 8) x 16,Mass Production
 M471A4G43AB1-CWE ,DDR4,SODIMM,32 GB,2R x 8,3200 Mbps,1.2 V,260,(2G x 8) x 16,EOL
 M471A5244CB0-CWE ,DDR4,SODIMM,4 GB,1R x 16,3200 Mbps,1.2 V,260,(512M x 16) x 4,Mass Production
 M393AAG40M32-CAE ,DDR4,RDIMM,128 GB,4R x 4,3200 Mbps,1.2 V,288,(3DS 2H 8G x 4) x 36,Mass Production
 M393ABG40M52-CAE ,DDR4,RDIMM,256 GB,8R x 4,3200 Mbps,1.2 V,288,(3DS 4H 16G x 4) x 36,Mass Production
 M386AAG40AM3-CWE ,DDR4,LRDIMM,128 GB,4R x 4,3200 Mbps,1.2 V,288,(DDP8G x 4) x 36,Mass Production
 M386ABG40M51-CAE ,DDR4,LRDIMM,256 GB,8R x 4,3200 Mbps,1.2 V,288,(4H 3DS 16G x 4) x 36,Mass Production
 M393A1K43DB2-CWE ,DDR4,RDIMM,8 GB,1R x 8,3200 Mbps,1.2 V,288,(1G x 8) x 18,Mass Production
 M393A2K40DB3-CWE ,DDR4,RDIMM,16 GB,1R x 4,3200 Mbps,1.2 V,288,(2G x 4) x 18,Mass Production
 M393A2K43DB3-CWE ,DDR4,RDIMM,16 GB,2R x 8,3200 Mbps,1.2 V,288,(1G x 8) x 18,Mass Production
 M393A4K40DB3-CWE ,DDR4,RDIMM,32 GB,2R x 4,3200 Mbps,1.2 V,288,(2G x 4) x 36,Mass Production
 M474A1G43EB1-CPB ,DDR4,ECC SODIMM,8 GB,2R x 8,2133 Mbps,1.2 V,260,(512M x 8) x 18,EOL
 M474A1G43EB1-CRC ,DDR4,ECC SODIMM,8 GB,2R x 8,2400 Mbps,1.2 V,260,(512M x 8) x 18,EOL
 M474A1K43DB1-CTD ,DDR4,ECC SODIMM,8 GB,1R x 8,2666 Mbps,1.2 V,260,(1G x 8) x 9,Mass Production
 M474A1K43DB1-CVF ,DDR4,ECC SODIMM,8 GB,1R x 8,2933 Mbps,1.2 V,260,(1G x 8) x 9,Mass Production
 M474A2K43DB1-CTD ,DDR4,ECC SODIMM,16 GB,2R x 8,2933 Mbps,1.2 V,260,(1G x 8) x 18,Mass Production
 M474A2K43DB1-CVF ,DDR4,ECC SODIMM,16 GB,2R x 8,2933 Mbps,1.2 V,260,(1G x 8) x 18,Mass Production
 M474A4G43AB1-CVF ,DDR4,ECC SODIMM,32 GB,2R x 8,2933 Mbps,1.2 V,260,(2G x 8) x 18,Mass Production
 M386A8K40DM2-CTD ,DDR4,LRDIMM,64 GB,4R x 4,2666 Mbps,1.2 V,288,(DDP4G x 4) x 36,EOL
 M386A8K40DM2-CVF ,DDR4,LRDIMM,64 GB,4R x 4,2933 Mbps,1.2 V,288,(DDP4G x 4) x 36,Mass Production
 M386A8K40DM2-CWE ,DDR4,LRDIMM,64 GB,4R x 4,3200 Mbps,1.2 V,288,(DDP4G x 4) x 36,Mass Production
 M391A1K43DB2-CTD ,DDR4,ECC UDIMM,8 GB,1R x 8,2666 Mbps,1.2 V,288,(1G x 8) x 9,Mass Production
 M391A1K43DB2-CVF ,DDR4,ECC UDIMM,8 GB,1R x 8,2933 Mbps,1.2 V,288,(1G x 8) x 9,Mass Production
 M391A2K43DB1-CTD ,DDR4,ECC UDIMM,16 GB,2R x 8,2666 Mbps,1.2 V,288,(1G x 8) x 18,Mass Production
 M391A2K43DB1-CVF ,DDR4,ECC UDIMM,16 GB,2R x 8,2933 Mbps,1.2 V,288,(1G x 8) x 18,Mass Production
 M391A4G43AB1-CVF ,DDR4,ECC UDIMM,32 GB,2R x 8,2933 Mbps,1.2 V,288,(2G x 8) x 18,Mass Production
 M393A1K43DB1-CVF ,DDR4,RDIMM,8 GB,1R x 8,2933 Mbps,1.2 V,288,(1G x 8) x 9,Mass Production
 M393A1K43DB1-CWE ,DDR4,RDIMM,8 GB,1R x 8,3200 Mbps,1.2 V,288,(1G x 8) x 9,Mass Production
 M393A2K40DB2-CTD ,DDR4,RDIMM,16 GB,1R x 4,2666 Mbps,1.2 V,288,(2G x 4) x 18,Mass Production
 M393A2K40DB2-CVF ,DDR4,RDIMM,16 GB,1R x 4,2933 Mbps,1.2 V,288,(2G x 4) x 18,Mass Production
 M393A2K40DB2-CWE ,DDR4,RDIMM,16 GB,1R x 4,3200 Mbps,1.2 V,288,(2G x 4) x 18,Mass Production
 M393A2K43DB2-CTD ,DDR4,RDIMM,16 GB,2R x 8,2666 Mbps,1.2 V,288,(1G x 8) x 18,Mass Production
 M393A2K43DB2-CVF ,DDR4,RDIMM,16 GB,2R x 8,2933 Mbps,1.2 V,288,(1G x 8) x 18,Mass Production
 M393A2K43DB2-CWE ,DDR4,RDIMM,16 GB,2R x 8,3200 Mbps,1.2 V,288,(1G x 8) x 18,Mass Production
 M393A4G40AB3-CVF ,DDR4,RDIMM,32 GB,1R x 4,2933 Mbps,1.2 V,288,(4G x 4) x 18,Mass Production
 M393A4G40AB3-CWE ,DDR4,RDIMM,32 GB,1R x 4,3200 Mbps,1.2 V,288,(4G x 4) x 18,Mass Production
 M393A4G43AB3-CVF ,DDR4,RDIMM,32 GB,2R x 8,2933 Mbps,1.2 V,288,(2G x 8) x 18,Mass Production
 M393A4G43AB3-CWE ,DDR4,RDIMM,32 GB,2R x 8,3200 Mbps,1.2 V,288,(2G x 8) x 18,Mass Production
 M393A4K40DB2-CTD ,DDR4,RDIMM,32 GB,2R x 4,2666 Mbps,1.2 V,288,(2G x 4) x 36,Mass Production
 M393A4K40DB2-CVF ,DDR4,RDIMM,32 GB,2R x 4,2933 Mbps,1.2 V,288,(2G x 4) x 36,Mass Production
 M393A4K40DB2-CWE ,DDR4,RDIMM,32 GB,2R x 4,3200 Mbps,1.2 V,288,(2G x 4) x 36,Mass Production
 M393A8G40AB2-CVF ,DDR4,RDIMM,64 GB,2R x 4,2933 Mbps,1.2 V,288,(4G x 4) x 36,Mass Production
 M393A8G40AB2-CWE ,DDR4,RDIMM,64 GB,2R x 4,3200 Mbps,1.2 V,288,(4G x 4) x 36,Mass Production
 M393AAG40M3B-CYF ,DDR4,RDIMM,128 GB,4R x 4,2933 Mbps,1.2 V,288,(3DS 2H 8G x 4) x 36,Mass Production
 M393ABG40M5B-CYF ,DDR4,RDIMM,256 GB,8R x 4,2933 Mbps,1.2 V,288,(3DS 4H 16G x 4) x 36,Mass Production
 M378A2K43DB1-CTD ,DDR4,UDIMM,16 GB,2R x 8,2666 Mbps,1.2 V,288,(1G x 8) x 16,EOL
 M378A1K43DB2-CTD ,DDR4,UDIMM,8 GB,1R x 8,2666 Mbps,1.2 V,288,(1G x 8) x 8,EOL
 M386AAG40MMB-CVF ,DDR4,LRDIMM,128 GB,4R x 4,2933 Mbps,1.2 V,288,(DDP8G x 4) x 36,Mass Production
 M386ABG40M5B-CYF ,DDR4,LRDIMM,256 GB,8R x 4,2933 Mbps,1.2 V,288,(4H 3DS 16G x 4) x 36,Mass Production
 M471A1K43DB1-CTD ,DDR4,SODIMM,8 GB,1R x 8,2666 Mbps,1.2 V,260,(1G x 8) x 8,EOL
 M471A2K43DB1-CTD ,DDR4,SODIMM,16 GB,2R x 8,2666 Mbps,1.2 V,260,(1G x 8) x 16,EOL
 M378A4G43MB1-CTD ,DDR4,UDIMM,32 GB,2R x 8,2666 Mbps,1.2 V,288,(2G x 8) x 16,EOL
 M386AAG40MM2-CVF ,DDR4,LRDIMM,128 GB,4R x 4,2933 Mbps,1.2 V,288,(DDP8G x 4) x 36,Mass Production
 M386ABG40M50-CYF ,DDR4,LRDIMM,256 GB,8R x 4,2933 Mbps,1.2 V,288,(4H 3DS 16G x 4) x 36,Mass Production
 M391A4G43MB1-CTD ,DDR4,ECC UDIMM,32 GB,2R x 8,2666 Mbps,1.2 V,288,(2G x 8) x 18,Mass Production
 M393A8G40MB2-CTD ,DDR4,RDIMM,64 GB,2R x 4,2666 Mbps,1.2 V,288,(4G x 4) x 36,Mass Production
 M393A8G40MB2-CVF ,DDR4,RDIMM,64 GB,2R x 4,2933 Mbps,1.2 V,288,(4G x 4) x 36,Mass Production
 M393AAG40M32-CYF ,DDR4,RDIMM,128 GB,4R x 4,2933 Mbps,1.2 V,288,(3DS 2H 8G x 4) x 36,Mass Production
 M393ABG40M52-CYF ,DDR4,RDIMM,256 GB,8R x 4,2933 Mbps,1.2 V,288,(3DS 4H 16G x 4) x 36,Mass Production
 M471A4G43MB1-CTD ,DDR4,SODIMM,32 GB,2R x 8,2666 Mbps,1.2 V,260,(2G x 8) x 16,EOL
 M474A4G43MB1-CTD ,DDR4,ECC SODIMM,32 GB,2R x 8,2666 Mbps,1.2 V,260,(2G x 8) x 18,Mass Production
 M386A4G40EM2-CPB ,DDR4,LRDIMM,32 GB,4R x 4,2133 Mbps,1.2 V,288,(DDP2G x 4) x 36,EOL
 M386A4G40EM2-CRC ,DDR4,LRDIMM,32 GB,4R x 4,2400 Mbps,1.2 V,288,(DDP2G x 4) x 36,EOL
 M386A8K40BMB-CPB ,DDR4,LRDIMM,64 GB,4R x 4,2133 Mbps,1.2 V,288,(DDP4G x 4) x 36,EOL
 M386A8K40BMB-CRC ,DDR4,LRDIMM,64 GB,4R x 4,2400 Mbps,1.2 V,288,(DDP4G x 4) x 36,EOL
 M386A8K40CM2-CVF ,DDR4,LRDIMM,64 GB,4R x 4,2933 Mbps,1.2 V,288,(DDP4G x 4) x 36,EOL
 M386AAK40B40-CUC ,DDR4,LRDIMM,128 GB,8R x 4,2400 Mbps,1.2 V,288,(4H 3DS 8G x 4) x 36,EOL
 M392A2K43BB0-CPB ,DDR4,VLP RDIMM,16 GB,2R x 8,2133 Mbps,1.2 V,288,(1G x 8) x 18,EOL
 M392A2K43BB0-CRC ,DDR4,VLP RDIMM,16 GB,2R x 8,2400 Mbps,1.2 V,288,(1G x 8) x 18,EOL
 M392A4K40BM0-CPB ,DDR4,VLP RDIMM,32 GB,2R x 4,2133 Mbps,1.2 V,288,(DDP4G x 4) x 18,EOL
 M392A4K40BM0-CRC ,DDR4,VLP RDIMM,32 GB,2R x 4,2400 Mbps,1.2 V,288,(DDP4G x 4) x 18,EOL
 M393A2K40CB2-CVF ,DDR4,RDIMM,16 GB,1R x 4,2933 Mbps,1.2 V,288,(2G x 4) x 18,EOL
 M393A2K43CB2-CVF ,DDR4,RDIMM,16 GB,2R x 8,2933 Mbps,1.2 V,288,(1G x 8) x 18,EOL
 M393A4K40CB2-CVF ,DDR4,RDIMM,32 GB,2R x 4,2933 Mbps,1.2 V,288,(2G x 4) x 36,EOL
 M393A8K40B2B-CTC ,DDR4,RDIMM,64 GB,4R x 4,2400 Mbps,1.2 V,288,(2H 3DS 8G x 4) x 36,EOL
 M378A1K43BB1-CPB ,DDR4,UDIMM,8 GB,1R x 8,2133 Mbps,1.2 V,288,(1G x 8) x 8,EOL
 M378A1K43BB2-CRC ,DDR4,UDIMM,8 GB,1R x 8,2400 Mbps,1.2 V,288,(1G x 8) x 8,EOL
 M378A1K43BB2-CTD ,DDR4,UDIMM,8 GB,1R x 8,2666 Mbps,1.2 V,288,(1G x 8) x 8,EOL
 M378A1K43CB2-CPB ,DDR4,UDIMM,8 GB,1R x 8,2133 Mbps,1.2 V,288,(1G x 8) x 8,EOL
 M378A1K43CB2-CRC ,DDR4,UDIMM,8 GB,1R x 8,2400 Mbps,1.2 V,288,(1G x 8) x 8,Mass Production
 M378A1K43CB2-CTD ,DDR4,UDIMM,8 GB,1R x 8,2666 Mbps,1.2 V,288,(1G x 8) x 8,Mass Production
 M378A2K43BB1-CPB ,DDR4,UDIMM,16 GB,2R x 8,2133 Mbps,1.2 V,288,(1G x 8) x 16,EOL
 M378A2K43BB1-CRC ,DDR4,UDIMM,16 GB,2R x 8,2400 Mbps,1.2 V,288,(1G x 8) x 16,EOL
 M378A2K43BB1-CTD ,DDR4,UDIMM,16 GB,2R x 8,2666 Mbps,1.2 V,288,(1G x 8) x 16,EOL
 M378A2K43CB1-CPB ,DDR4,UDIMM,16 GB,2R x 8,2133 Mbps,1.2 V,288,(1G x 8) x 16,EOL
 M378A2K43CB1-CRC ,DDR4,UDIMM,16 GB,2R x 8,2400 Mbps,1.2 V,288,(1G x 8) x 16,Mass Production
 M378A2K43CB1-CTD ,DDR4,UDIMM,16 GB,2R x 8,2666 Mbps,1.2 V,288,(1G x 8) x 16,Mass Production
 M378A5244BB0-CPB ,DDR4,UDIMM,4 GB,1R x 16,2133 Mbps,1.2 V,288,(512M x 16) x 4,EOL
 M378A5244BB0-CRC ,DDR4,UDIMM,4 GB,1R x 16,2400 Mbps,1.2 V,288,(512M x 16) x 4,EOL
 M378A5244BB0-CTD ,DDR4,UDIMM,4 GB,1R x 16,2666 Mbps,1.2 V,288,(512M x 16) x 4,EOL
 M378A5244CB0-CPB ,DDR4,UDIMM,4 GB,1R x 16,2133 Mbps,1.2 V,288,(512M x 16) x 4,EOL
 M378A5244CB0-CRC ,DDR4,UDIMM,4 GB,1R x 16,2400 Mbps,1.2 V,288,(512M x 16) x 4,Mass Production
 M378A5244CB0-CTD ,DDR4,UDIMM,4 GB,1R x 16,2666 Mbps,1.2 V,288,(512M x 16) x 4,Mass Production
 M391A1K43BB2-CTD ,DDR4,ECC UDIMM,8 GB,1R x 8,2666 Mbps,1.2 V,288,(1G x 8) x 9,EOL
 M391A2K43BB1-CPB ,DDR4,ECC UDIMM,16 GB,2R x 8,2133 Mbps,1.2 V,288,(1G x 8) x 18,EOL
 M391A2K43BB1-CRC ,DDR4,ECC UDIMM,16 GB,2R x 8,2400 Mbps,1.2 V,288,(1G x 8) x 18,EOL
 M391A2K43BB1-CTD ,DDR4,ECC UDIMM,16 GB,2R x 8,2666 Mbps,1.2 V,288,(1G x 8) x 18,EOL
 M471A1K43CB1-CPB ,DDR4,SODIMM,8 GB,1R x 8,2133 Mbps,1.2 V,260,(1G x 8) x 8,EOL
 M471A1K43CB1-CRC ,DDR4,SODIMM,8 GB,1R x 8,2400 Mbps,1.2 V,260,(1G x 8) x 8,Mass Production
 M471A1K43CB1-CTD ,DDR4,SODIMM,8 GB,1R x 8,2666 Mbps,1.2 V,260,(1G x 8) x 8,Mass Production
 M471A2K43CB1-CPB ,DDR4,SODIMM,16 GB,2R x 8,2133 Mbps,1.2 V,260,(1G x 8) x 16,EOL
 M471A2K43CB1-CRC ,DDR4,SODIMM,16 GB,2R x 8,2400 Mbps,1.2 V,260,(1G x 8) x 16,Mass Production
 M471A2K43CB1-CTD ,DDR4,SODIMM,16 GB,2R x 8,2666 Mbps,1.2 V,260,(1G x 8) x 16,Mass Production
 M471A5244CB0-CPB ,DDR4,SODIMM,4 GB,1R x 16,2133 Mbps,1.2 V,260,(512M x 16) x 4,EOL
 M471A5244CB0-CRC ,DDR4,SODIMM,4 GB,1R x 16,2400 Mbps,1.2 V,260,(512M x 16) x 4,Mass Production
 M471A5244CB0-CTD ,DDR4,SODIMM,4 GB,1R x 16,2666 Mbps,1.2 V,260,(512M x 16) x 4,Mass Production
 M474A1K43BB1-CTD ,DDR4,ECC SODIMM,8 GB,1R x 8,2666 Mbps,1.2 V,260,(1G x 8) x 18,EOL
 M392A2G40DM0-CPB ,DDR4,RDIMM,16 GB,2R x 4,2133 Mbps,1.2 V,288,(DDP2G x 4) x 18,EOL
 M392B1G70BH0-CF8 ,DDR3,RDIMM,8 GB,1R x 4,1066 Mbps,1.5 V / 1.35 V,240,(1G x 4) x 18,EOL
 M392B1G70BH0-CH9 ,DDR3,RDIMM,8 GB,1R x 4,1333 Mbps,1.5 V / 1.35 V,240,(1G x 4) x 18,EOL
 M392B1G70BH0-CK0 ,DDR3,RDIMM,8 GB,1R x 4,1600 Mbps,1.5 V / 1.35 V,240,(1G x 4) x 18,EOL
 M392B1G70BH0-YF8 ,DDR3,RDIMM,8 GB,1R x 4,1066 Mbps,1.5 V / 1.35 V,240,(1G x 4) x 18,EOL
 M392B1G70BH0-YH9 ,DDR3,RDIMM,8 GB,1R x 4,1333 Mbps,1.5 V / 1.35 V,240,(1G x 4) x 18,EOL
 M392B1G70BH0-YK0 ,DDR3,RDIMM,8 GB,1R x 4,1600 Mbps,1.5 V / 1.35 V,240,(1G x 4) x 18,EOL
 M392B1G73BH0-CF8 ,DDR3,RDIMM,8 GB,2R x 8,1066 Mbps,1.5 V / 1.35 V,240,(512M x 8) x 18,EOL
 M392B1G73BH0-CH9 ,DDR3,RDIMM,8 GB,2R x 8,1333 Mbps,1.5 V / 1.35 V,240,(512M x 8) x 18,EOL
 M392B1G73BH0-CK0 ,DDR3,RDIMM,8 GB,2R x 8,1600 Mbps,1.5 V / 1.35 V,240,(512M x 8) x 18,EOL
 M392B1G73BH0-YF8 ,DDR3,RDIMM,8 GB,2R x 8,1066 Mbps,1.5 V / 1.35 V,240,(512M x 8) x 18,EOL
 M392B1G73BH0-YH9 ,DDR3,RDIMM,8 GB,2R x 8,1333 Mbps,1.5 V / 1.35 V,240,(512M x 8) x 18,EOL
 M392B1G73BH0-YK0 ,DDR3,RDIMM,8 GB,2R x 8,1600 Mbps,1.5 V / 1.35 V,240,(512M x 8) x 18,EOL
 M392B1G73DB0-CK0 ,DDR3,RDIMM,8 GB,2R x 8,1600 Mbps,1.5 V / 1.35 V,240,(512M x 8) x 18,EOL
 M392B1G73DB0-CMA ,DDR3,RDIMM,8 GB,2R x 8,1866 Mbps,1.5 V / 1.35 V,240,(512M x 8) x 18,EOL
 M392B1G73DB0-YK0 ,DDR3,RDIMM,8 GB,2R x 8,1600 Mbps,1.5 V / 1.35 V,240,(512M x 8) x 18,EOL
 M392B1G73DB0-YMA ,DDR3,RDIMM,8 GB,2R x 8,1866 Mbps,1.5 V / 1.35 V,240,(512M x 8) x 18,EOL
 M392B1K70BM1-CF7 ,DDR3,RDIMM,8 GB,2R x 4,800 Mbps,1.5 V,240,(DDP1G x 4) x 18,EOL
 M392B1K70BM1-CF8 ,DDR3,RDIMM,8 GB,2R x 4,1066 Mbps,1.5 V,240,(DDP1G x 4) x 18,EOL
 M392B1K70BM1-CH9 ,DDR3,RDIMM,8 GB,2R x 4,1333 Mbps,1.5 V,240,(DDP1G x 4) x 18,EOL
 M392B1K70CM0-CF7 ,DDR3,RDIMM,8 GB,2R x 4,800 Mbps,1.5 V / 1.35 V,240,(DDP1G x 4) x 18,EOL
 M392B1K70CM0-CF8 ,DDR3,RDIMM,8 GB,2R x 4,1066 Mbps,1.5 V / 1.35 V,240,(DDP1G x 4) x 18,EOL
 M392B1K70CM0-CH9 ,DDR3,RDIMM,8 GB,2R x 4,1333 Mbps,1.5 V / 1.35 V,240,(DDP1G x 4) x 18,EOL
 M392B1K70CM0-YF7 ,DDR3,RDIMM,8 GB,2R x 4,800 Mbps,1.5 V / 1.35 V,240,(DDP1G x 4) x 18,EOL
 M392B1K70CM0-YF8 ,DDR3,RDIMM,8 GB,2R x 4,1066 Mbps,1.5 V / 1.35 V,240,(DDP1G x 4) x 18,EOL
 M392B1K70CM0-YH9 ,DDR3,RDIMM,8 GB,2R x 4,1333 Mbps,1.5 V / 1.35 V,240,(DDP1G x 4) x 18,EOL
 M392B1K70DM0-CF8 ,DDR3,RDIMM,8 GB,2R x 4,1066 Mbps,1.5 V / 1.35 V,240,(DDP1G x 4) x 18,EOL
 M392B1K70DM0-CH9 ,DDR3,RDIMM,8 GB,2R x 4,1333 Mbps,1.5 V / 1.35 V,240,(DDP1G x 4) x 18,EOL
 M392B1K70DM0-YF8 ,DDR3,RDIMM,8 GB,2R x 4,1066 Mbps,1.5 V / 1.35 V,240,(DDP1G x 4) x 18,EOL
 M392B1K70DM0-YH9 ,DDR3,RDIMM,8 GB,2R x 4,1333 Mbps,1.5 V / 1.35 V,240,(DDP1G x 4) x 18,EOL
 M392B1K73BM1-CF7 ,DDR3,RDIMM,8 GB,2R x 8,800 Mbps,1.5 V,240,(DDP512M x 8) x 18,EOL
 M392B1K73BM1-CF8 ,DDR3,RDIMM,8 GB,2R x 8,1066 Mbps,1.5 V,240,(DDP512M x 8) x 18,EOL
 M392B1K73CM0-CF7 ,DDR3,RDIMM,8 GB,4R x 8,800 Mbps,1.5 V / 1.35 V,240,(DDP512M x 8) x 18,EOL
 M392B1K73CM0-CF8 ,DDR3,RDIMM,8 GB,4R x 8,1066 Mbps,1.5 V / 1.35 V,240,(DDP512M x 8) x 18,EOL
 M392B1K73CM0-CH9 ,DDR3,RDIMM,8 GB,4R x 8,1333 Mbps,1.5 V / 1.35 V,240,(DDP512M x 8) x 18,EOL
 M392B1K73CM0-YF7 ,DDR3,RDIMM,8 GB,4R x 8,800 Mbps,1.5 V / 1.35 V,240,(DDP512M x 8) x 18,EOL
 M392B1K73CM0-YF8 ,DDR3,RDIMM,8 GB,4R x 8,1066 Mbps,1.5 V / 1.35 V,240,(DDP512M x 8) x 18,EOL
 M392B1K73CM0-YH9 ,DDR3,RDIMM,8 GB,4R x 8,1333 Mbps,1.5 V / 1.35 V,240,(DDP512M x 8) x 18,EOL
 M392B1K73DM0-CF8 ,DDR3,RDIMM,8 GB,2R x 8,1066 Mbps,1.5 V / 1.35 V,240,(DDP512M x 8) x 18,EOL
 M392B1K73DM0-CH9 ,DDR3,RDIMM,8 GB,2R x 8,1333 Mbps,1.5 V / 1.35 V,240,(DDP512M x 8) x 18,EOL
 M392B1K73DM0-YF8 ,DDR3,RDIMM,8 GB,2R x 8,1066 Mbps,1.5 V / 1.35 V,240,(DDP512M x 8) x 18,EOL
 M392B1K73DM0-YH9 ,DDR3,RDIMM,8 GB,2R x 8,1333 Mbps,1.5 V / 1.35 V,240,(DDP512M x 8) x 18,EOL
 M392B2873DZ1-CF7 ,DDR3,RDIMM,1 GB,1R x 8,800 Mbps,1.5 V,240,(128M x 8) x 9,EOL
 M392B2873DZ1-CF8 ,DDR3,RDIMM,1 GB,1R x 8,1066 Mbps,1.5 V,240,(128M x 8) x 9,EOL
 M392B2873DZ1-CH9 ,DDR3,RDIMM,1 GB,1R x 8,1333 Mbps,1.5 V,240,(128M x 8) x 9,EOL
 M392B2873EH1-CF7 ,DDR3,RDIMM,1 GB,1R x 8,800 Mbps,1.5 V,240,(128M x 8) x 9,EOL
 M392B2873EH1-CF8 ,DDR3,RDIMM,1 GB,1R x 8,1066 Mbps,1.5 V,240,(128M x 8) x 9,EOL
 M392B2873EH1-CH9 ,DDR3,RDIMM,1 GB,1R x 8,1333 Mbps,1.5 V,240,(128M x 8) x 9,EOL
 M392B2873FH0-CF8 ,DDR3,RDIMM,1 GB,1R x 8,1066 Mbps,1.5 V / 1.35 V,240,(128M x 8) x 9,EOL
 M392B2873FH0-CH9 ,DDR3,RDIMM,1 GB,1R x 8,1333 Mbps,1.5 V / 1.35 V,240,(128M x 8) x 9,EOL
 M392B2873FH0-CK0 ,DDR3,RDIMM,1 GB,1R x 8,1600 Mbps,1.5 V / 1.35 V,240,(128M x 8) x 9,EOL
 M392B2873FH0-YF8 ,DDR3,RDIMM,1 GB,1R x 8,1066 Mbps,1.5 V / 1.35 V,240,(128M x 8) x 9,EOL
 M392B2873FH0-YH9 ,DDR3,RDIMM,1 GB,1R x 8,1333 Mbps,1.5 V / 1.35 V,240,(128M x 8) x 9,EOL
 M392B2873FH0-YK0 ,DDR3,RDIMM,1 GB,1R x 8,1600 Mbps,1.5 V / 1.35 V,240,(128M x 8) x 9,EOL
 M392B2873GB0-CF8 ,DDR3,RDIMM,1 GB,1R x 8,1066 Mbps,1.5 V / 1.35 V,240,(128M x 8) x 9,EOL
 M392B2873GB0-CH9 ,DDR3,RDIMM,1 GB,1R x 8,1333 Mbps,1.5 V / 1.35 V,240,(128M x 8) x 9,EOL
 M392B2873GB0-CK0 ,DDR3,RDIMM,1 GB,1R x 8,1600 Mbps,1.5 V / 1.35 V,240,(128M x 8) x 9,EOL
 M392B2873GB0-YF8 ,DDR3,RDIMM,1 GB,1R x 8,1066 Mbps,1.5 V / 1.35 V,240,(128M x 8) x 9,EOL
 M392B2873GB0-YH9 ,DDR3,RDIMM,1 GB,1R x 8,1333 Mbps,1.5 V / 1.35 V,240,(128M x 8) x 9,EOL
 M392B2873GB0-YK0 ,DDR3,RDIMM,1 GB,1R x 8,1600 Mbps,1.5 V / 1.35 V,240,(128M x 8) x 9,EOL
 M392B2G70AM0-CF8 ,DDR3,RDIMM,16 GB,2R x 4,1066 Mbps,1.5 V,240,(DDP2G x 4) x 18,EOL
 M392B2G70AM0-CH9 ,DDR3,RDIMM,16 GB,2R x 4,1333 Mbps,1.5 V,240,(DDP2G x 4) x 18,EOL
 M392B2G70BM0-CF8 ,DDR3,RDIMM,16 GB,4R x 4,1066 Mbps,1.5 V / 1.35 V,240,(DDP4G x 4) x 18,EOL
 M392B2G70BM0-CH9 ,DDR3,RDIMM,16 GB,4R x 4,1333 Mbps,1.5 V / 1.35 V,240,(DDP4G x 4) x 18,EOL
 M392B2G70BM0-YF8 ,DDR3,RDIMM,16 GB,4R x 4,1066 Mbps,1.5 V / 1.35 V,240,(DDP4G x 4) x 18,EOL
 M392B2G70BM0-YH9 ,DDR3,RDIMM,16 GB,4R x 4,1333 Mbps,1.5 V / 1.35 V,240,(DDP4G x 4) x 18,EOL
 M392B2G70DM0-YK0 ,DDR3,RDIMM,16 GB,2R x 4,1600 Mbps,1.35 V,240,(DDP2G x 4) x 18,EOL
 M392B2G73AM0-CF8 ,DDR3,RDIMM,16 GB,2R x 8,1066 Mbps,1.5 V,240,(DDP1G x 8) x 18,EOL
 M392B2G73AM0-CH9 ,DDR3,RDIMM,16 GB,2R x 8,1333 Mbps,1.5 V,240,(DDP1G x 8) x 18,EOL
 M392B2G73BM0-CF8 ,DDR3,RDIMM,16 GB,2R x 8,1066 Mbps,1.5 V / 1.35 V,240,(DDP1G x 8) x 18,EOL
 M392B2G73BM0-CH9 ,DDR3,RDIMM,16 GB,2R x 8,1333 Mbps,1.5 V / 1.35 V,240,(DDP1G x 8) x 18,EOL
 M392B2G73BM0-YF8 ,DDR3,RDIMM,16 GB,2R x 8,1066 Mbps,1.5 V / 1.35 V,240,(DDP1G x 8) x 18,EOL
 M392B2G73BM0-YH9 ,DDR3,RDIMM,16 GB,2R x 8,1333 Mbps,1.5 V / 1.35 V,240,(DDP1G x 8) x 18,EOL
 M392B4G70BE0-CF8 ,DDR3,RDIMM,32 GB,4R x 4,1066 Mbps,1.5 V / 1.35 V,240,(QDP4G x 4) x 18,EOL
 M392B4G70BE0-CH9 ,DDR3,RDIMM,32 GB,4R x 4,1333 Mbps,1.5 V / 1.35 V,240,(QDP4G x 4) x 18,EOL
 M392B4G70BE0-YF8 ,DDR3,RDIMM,32 GB,4R x 4,1066 Mbps,1.5 V / 1.35 V,240,(QDP4G x 4) x 18,EOL
 M392B4G70BE0-YH9 ,DDR3,RDIMM,32 GB,4R x 4,1333 Mbps,1.5 V / 1.35 V,240,(QDP4G x 4) x 18,EOL
 M392B5170DJ1-CF7 ,DDR3,RDIMM,4 GB,2R x 4,800 Mbps,1.5 V,240,(DDP512M x 4) x 18,EOL
 M392B5170DJ1-CF8 ,DDR3,RDIMM,4 GB,2R x 4,1066 Mbps,1.5 V,240,(DDP512M x 4) x 18,EOL
 M392B5170DJ1-CH9 ,DDR3,RDIMM,4 GB,2R x 4,1333 Mbps,1.5 V,240,(DDP512M x 4) x 18,EOL
 M392B5170EM1-CF7 ,DDR3,RDIMM,4 GB,2R x 4,800 Mbps,1.5 V,240,(DDP512M x 4) x 18,EOL
 M392B5170EM1-CF8 ,DDR3,RDIMM,4 GB,2R x 4,1066 Mbps,1.5 V,240,(DDP512M x 4) x 18,EOL
 M392B5170EM1-CH9 ,DDR3,RDIMM,4 GB,2R x 4,1333 Mbps,1.5 V,240,(DDP512M x 4) x 18,EOL
 M392B5170FM0-CF8 ,DDR3,RDIMM,4 GB,1R x 4,1066 Mbps,1.5 V / 1.35 V,240,(512M x 4) x 18,EOL
 M392B5170FM0-CH9 ,DDR3,RDIMM,4 GB,1R x 4,1333 Mbps,1.5 V / 1.35 V,240,(512M x 4) x 18,EOL
 M392B5170FM0-CK0 ,DDR3,RDIMM,4 GB,1R x 4,1600 Mbps,1.5 V / 1.35 V,240,(512M x 4) x 18,EOL
 M392B5170FM0-YF8 ,DDR3,RDIMM,4 GB,1R x 4,1066 Mbps,1.5 V / 1.35 V,240,(512M x 4) x 18,EOL
 M392B5170FM0-YH9 ,DDR3,RDIMM,4 GB,1R x 4,1333 Mbps,1.5 V / 1.35 V,240,(512M x 4) x 18,EOL
 M392B5170FM0-YK0 ,DDR3,RDIMM,4 GB,1R x 4,1600 Mbps,1.5 V / 1.35 V,240,(512M x 4) x 18,EOL
 M392B5270BH1-CF7 ,DDR3,RDIMM,4 GB,1R x 4,800 Mbps,1.5 V,240,(512M x 4) x 18,EOL
 M392B5270BH1-CF8 ,DDR3,RDIMM,4 GB,1R x 4,1066 Mbps,1.5 V,240,(512M x 4) x 18,EOL
 M392B5270BH1-CH9 ,DDR3,RDIMM,4 GB,1R x 4,1333 Mbps,1.5 V,240,(512M x 4) x 18,EOL
 M392B5270CH0-CF7 ,DDR3,RDIMM,4 GB,1R x 4,800 Mbps,1.5 V / 1.35 V,240,(512M x 4) x 18,EOL
 M392B5270CH0-CF8 ,DDR3,RDIMM,4 GB,1R x 4,1066 Mbps,1.5 V / 1.35 V,240,(512M x 4) x 18,EOL
 M392B5270CH0-CH9 ,DDR3,RDIMM,4 GB,1R x 4,1333 Mbps,1.5 V / 1.35 V,240,(512M x 4) x 18,EOL
 M392B5270CH0-YF7 ,DDR3,RDIMM,4 GB,1R x 4,800 Mbps,1.5 V / 1.35 V,240,(512M x 4) x 18,EOL
 M392B5270CH0-YF8 ,DDR3,RDIMM,4 GB,1R x 4,1066 Mbps,1.5 V / 1.35 V,240,(512M x 4) x 18,EOL
 M392B5270CH0-YH9 ,DDR3,RDIMM,4 GB,1R x 4,1333 Mbps,1.5 V / 1.35 V,240,(512M x 4) x 18,EOL
 M392B5270DH0-CF8 ,DDR3,RDIMM,4 GB,1R x 4,1066 Mbps,1.5 V / 1.35 V,240,(512M x 4) x 18,EOL
 M392B5270DH0-CH9 ,DDR3,RDIMM,4 GB,1R x 4,1333 Mbps,1.5 V / 1.35 V,240,(512M x 4) x 18,EOL
 M392B5270DH0-CK0 ,DDR3,RDIMM,4 GB,1R x 4,1600 Mbps,1.5 V / 1.35 V,240,(512M x 4) x 18,EOL
 M392B5270DH0-YF8 ,DDR3,RDIMM,4 GB,1R x 4,1066 Mbps,1.5 V / 1.35 V,240,(512M x 4) x 18,EOL
 M392B5270DH0-YH9 ,DDR3,RDIMM,4 GB,1R x 4,1333 Mbps,1.5 V / 1.35 V,240,(512M x 4) x 18,EOL
 M392B5270DH0-YK0 ,DDR3,RDIMM,4 GB,1R x 4,1600 Mbps,1.5 V / 1.35 V,240,(512M x 4) x 18,EOL
 M392B5273BH1-CF7 ,DDR3,RDIMM,4 GB,2R x 8,800 Mbps,1.5 V,240,(256M x 8) x 18,EOL
 M392B5273BH1-CF8 ,DDR3,RDIMM,4 GB,2R x 8,1066 Mbps,1.5 V,240,(256M x 8) x 18,EOL
 M392B5273BH1-CH9 ,DDR3,RDIMM,4 GB,2R x 8,1333 Mbps,1.5 V,240,(256M x 8) x 18,EOL
 M392B5273CH0-CF7 ,DDR3,RDIMM,4 GB,2R x 8,800 Mbps,1.5 V / 1.35 V,240,(256M x 8) x 18,EOL
 M392B5273CH0-CF8 ,DDR3,RDIMM,4 GB,2R x 8,1066 Mbps,1.5 V / 1.35 V,240,(256M x 8) x 18,EOL
 M392B5273CH0-CH9 ,DDR3,RDIMM,4 GB,2R x 8,1333 Mbps,1.5 V / 1.35 V,240,(256M x 8) x 18,EOL
 M392B5273CH0-YF7 ,DDR3,RDIMM,4 GB,2R x 8,800 Mbps,1.5 V / 1.35 V,240,(256M x 8) x 18,EOL
 M392B5273CH0-YF8 ,DDR3,RDIMM,4 GB,2R x 8,1066 Mbps,1.5 V / 1.35 V,240,(256M x 8) x 18,EOL
 M392B5273CH0-YH9 ,DDR3,RDIMM,4 GB,2R x 8,1333 Mbps,1.5 V / 1.35 V,240,(256M x 8) x 18,EOL
 M392B5273DH0-CF8 ,DDR3,RDIMM,4 GB,2R x 8,1066 Mbps,1.5 V / 1.35 V,240,(256M x 8) x 18,EOL
 M392B5273DH0-CH9 ,DDR3,RDIMM,4 GB,2R x 8,1333 Mbps,1.5 V / 1.35 V,240,(256M x 8) x 18,EOL
 M392B5273DH0-CK0 ,DDR3,RDIMM,4 GB,2R x 8,1600 Mbps,1.5 V / 1.35 V,240,(256M x 8) x 18,EOL
 M392B5273DH0-YF8 ,DDR3,RDIMM,4 GB,2R x 8,1066 Mbps,1.5 V / 1.35 V,240,(256M x 8) x 18,EOL
 M392B5273DH0-YH9 ,DDR3,RDIMM,4 GB,2R x 8,1333 Mbps,1.5 V / 1.35 V,240,(256M x 8) x 18,EOL
 M392B5273DH0-YK0 ,DDR3,RDIMM,4 GB,2R x 8,1600 Mbps,1.5 V / 1.35 V,240,(256M x 8) x 18,EOL
 M392B5670DZ1-CF7 ,DDR3,RDIMM,2 GB,1R x 4,800 Mbps,1.5 V,240,(256M x 4) x 18,EOL
 M392B5670DZ1-CF8 ,DDR3,RDIMM,2 GB,1R x 4,1066 Mbps,1.5 V,240,(256M x 4) x 18,EOL
 M392B5670DZ1-CH9 ,DDR3,RDIMM,2 GB,1R x 4,1333 Mbps,1.5 V,240,(256M x 4) x 18,EOL
 M392B5670EH1-CF7 ,DDR3,RDIMM,2 GB,1R x 4,800 Mbps,1.5 V,240,(256M x 4) x 18,EOL
 M392B5670EH1-CF8 ,DDR3,RDIMM,2 GB,1R x 4,1066 Mbps,1.5 V,240,(256M x 4) x 18,EOL
 M392B5670EH1-CH9 ,DDR3,RDIMM,2 GB,1R x 4,1333 Mbps,1.5 V,240,(256M x 4) x 18,EOL
 M392B5670FH0-CF8 ,DDR3,RDIMM,2 GB,1R x 4,1066 Mbps,1.5 V / 1.35 V,240,(256M x 4) x 18,EOL
 M392B5670FH0-CH9 ,DDR3,RDIMM,2 GB,1R x 4,1333 Mbps,1.5 V / 1.35 V,240,(256M x 4) x 18,EOL
 M392B5670FH0-CK0 ,DDR3,RDIMM,2 GB,1R x 4,1600 Mbps,1.5 V / 1.35 V,240,(256M x 4) x 18,EOL
 M392B5670FH0-YF8 ,DDR3,RDIMM,2 GB,1R x 4,1066 Mbps,1.5 V / 1.35 V,240,(256M x 4) x 18,EOL
 M392B5670FH0-YH9 ,DDR3,RDIMM,2 GB,1R x 4,1333 Mbps,1.5 V / 1.35 V,240,(256M x 4) x 18,EOL
 M392B5670FH0-YK0 ,DDR3,RDIMM,2 GB,1R x 4,1600 Mbps,1.5 V / 1.35 V,240,(256M x 4) x 18,EOL
 M392B5670GB0-CF8 ,DDR3,RDIMM,2 GB,1R x 4,1066 Mbps,1.5 V / 1.35 V,240,(256M x 4) x 18,EOL
 M392B5670GB0-CH9 ,DDR3,RDIMM,2 GB,1R x 4,1333 Mbps,1.5 V / 1.35 V,240,(256M x 4) x 18,EOL
 M392B5670GB0-CK0 ,DDR3,RDIMM,2 GB,1R x 4,1600 Mbps,1.5 V / 1.35 V,240,(256M x 4) x 18,EOL
 M392B5670GB0-YF8 ,DDR3,RDIMM,2 GB,1R x 4,1066 Mbps,1.5 V / 1.35 V,240,(256M x 4) x 18,EOL
 M392B5670GB0-YH9 ,DDR3,RDIMM,2 GB,1R x 4,1333 Mbps,1.5 V / 1.35 V,240,(256M x 4) x 18,EOL
 M392B5670GB0-YK0 ,DDR3,RDIMM,2 GB,1R x 4,1600 Mbps,1.5 V / 1.35 V,240,(256M x 4) x 18,EOL
 M392B5673DZ1-CF7 ,DDR3,RDIMM,2 GB,2R x 8,800 Mbps,1.5 V,240,(128M x 8) x 18,EOL
 M392B5673DZ1-CF8 ,DDR3,RDIMM,2 GB,2R x 8,1066 Mbps,1.5 V,240,(128M x 8) x 18,EOL
 M392B5673DZ1-CH9 ,DDR3,RDIMM,2 GB,2R x 8,1333 Mbps,1.5 V,240,(128M x 8) x 18,EOL
 M392B5673EH1-CF7 ,DDR3,RDIMM,2 GB,2R x 8,800 Mbps,1.5 V,240,(128M x 8) x 18,EOL
 M392B5673EH1-CF8 ,DDR3,RDIMM,2 GB,2R x 8,1066 Mbps,1.5 V,240,(128M x 8) x 18,EOL
 M392B5673EH1-CH9 ,DDR3,RDIMM,2 GB,2R x 8,1333 Mbps,1.5 V,240,(128M x 8) x 18,EOL
 M392B5673FH0-CF8 ,DDR3,RDIMM,2 GB,2R x 8,1066 Mbps,1.5 V / 1.35 V,240,(128M x 8) x 18,EOL
 M392B5673FH0-CH9 ,DDR3,RDIMM,2 GB,2R x 8,1333 Mbps,1.5 V / 1.35 V,240,(128M x 8) x 18,EOL
 M392B5673FH0-CK0 ,DDR3,RDIMM,2 GB,2R x 8,1600 Mbps,1.5 V / 1.35 V,240,(128M x 8) x 18,EOL
 M392B5673FH0-YF8 ,DDR3,RDIMM,2 GB,2R x 8,1066 Mbps,1.5 V / 1.35 V,240,(128M x 8) x 18,EOL
 M392B5673FH0-YH9 ,DDR3,RDIMM,2 GB,2R x 8,1333 Mbps,1.5 V / 1.35 V,240,(128M x 8) x 18,EOL
 M392B5673FH0-YK0 ,DDR3,RDIMM,2 GB,2R x 8,1600 Mbps,1.5 V / 1.35 V,240,(128M x 8) x 18,EOL
 M392B5673GB0-CF8 ,DDR3,RDIMM,2 GB,2R x 8,1066 Mbps,1.5 V / 1.35 V,240,(128M x 8) x 18,EOL
 M392B5673GB0-CH9 ,DDR3,RDIMM,2 GB,2R x 8,1333 Mbps,1.5 V / 1.35 V,240,(128M x 8) x 18,EOL
 M392B5673GB0-CK0 ,DDR3,RDIMM,2 GB,2R x 8,1600 Mbps,1.5 V / 1.35 V,240,(128M x 8) x 18,EOL
 M392B5673GB0-YF8 ,DDR3,RDIMM,2 GB,2R x 8,1066 Mbps,1.5 V / 1.35 V,240,(128M x 8) x 18,EOL
 M392B5673GB0-YH9 ,DDR3,RDIMM,2 GB,2R x 8,1333 Mbps,1.5 V / 1.35 V,240,(128M x 8) x 18,EOL
 M392B5673GB0-YK0 ,DDR3,RDIMM,2 GB,2R x 8,1600 Mbps,1.5 V / 1.35 V,240,(128M x 8) x 18,EOL
 M392B5773CH0-CF7 ,DDR3,RDIMM,2 GB,1R x 8,800 Mbps,1.5 V / 1.35 V,240,(256M x 8) x 9,EOL
 M392B5773CH0-CF8 ,DDR3,RDIMM,2 GB,1R x 8,1066 Mbps,1.5 V / 1.35 V,240,(256M x 8) x 9,EOL
 M392B5773CH0-CH9 ,DDR3,RDIMM,2 GB,1R x 8,1333 Mbps,1.5 V / 1.35 V,240,(256M x 8) x 9,EOL
 M392B5773CH0-YF7 ,DDR3,RDIMM,2 GB,1R x 8,800 Mbps,1.5 V / 1.35 V,240,(256M x 8) x 9,EOL
 M392B5773CH0-YF8 ,DDR3,RDIMM,2 GB,1R x 8,1066 Mbps,1.5 V / 1.35 V,240,(256M x 8) x 9,EOL
 M392B5773CH0-YH9 ,DDR3,RDIMM,2 GB,1R x 8,1333 Mbps,1.5 V / 1.35 V,240,(256M x 8) x 9,EOL
 M392B5773DH0-CF8 ,DDR3,RDIMM,2 GB,1R x 8,1066 Mbps,1.5 V / 1.35 V,240,(256M x 8) x 9,EOL
 M392B5773DH0-CH9 ,DDR3,RDIMM,2 GB,1R x 8,1333 Mbps,1.5 V / 1.35 V,240,(256M x 8) x 9,EOL
 M392B5773DH0-CK0 ,DDR3,RDIMM,2 GB,1R x 8,1600 Mbps,1.5 V / 1.35 V,240,(256M x 8) x 9,EOL
 M392B5773DH0-YF8 ,DDR3,RDIMM,2 GB,1R x 8,1066 Mbps,1.5 V / 1.35 V,240,(256M x 8) x 9,EOL
 M392B5773DH0-YH9 ,DDR3,RDIMM,2 GB,1R x 8,1333 Mbps,1.5 V / 1.35 V,240,(256M x 8) x 9,EOL
 M392B5773DH0-YK0 ,DDR3,RDIMM,2 GB,1R x 8,1600 Mbps,1.5 V / 1.35 V,240,(256M x 8) x 9,EOL
 M386A4G40DM0-CPB ,DDR4,LRDIMM,32 GB,4R x 4,2133 Mbps,1.2 V,288,(DDP2G x 4) x 36,EOL
 M386A4G40DM1-CRC ,DDR4,LRDIMM,32 GB,4R x 4,2400 Mbps,1.2 V,288,(DDP2G x 4) x 36,EOL
 M386A4K40BB0-CRC ,DDR4,LRDIMM,32 GB,2R x 4,2400 Mbps,1.2 V,288,(2G x 4) x 36,EOL
 M386A8K40BM1-CPB ,DDR4,LRDIMM,64 GB,4R x 4,2133 Mbps,1.2 V,288,(DDP4G x 4) x 36,EOL
 M386A8K40BM1-CRC ,DDR4,LRDIMM,64 GB,4R x 4,2400 Mbps,1.2 V,288,(DDP4G x 4) x 36,EOL
 M386A8K40BM2-CTD ,DDR4,LRDIMM,64 GB,4R x 4,2666 Mbps,1.2 V,288,(DDP4G x 4) x 36,EOL
 M386A8K40CM2-CRC ,DDR4,LRDIMM,64 GB,4R x 4,2400 Mbps,1.2 V,288,(DDP4G x 4) x 36,EOL
 M386A8K40CM2-CTD ,DDR4,LRDIMM,64 GB,4R x 4,2666 Mbps,1.2 V,288,(DDP4G x 4) x 36,EOL
 M386AAK40B40-CWD ,DDR4,LRDIMM,128 GB,8R x 4,2666 Mbps,1.2 V,288,(4H 3DS 8G x 4) x 36,EOL
 M386B2G70DM0-YH9 ,DDR3,LRDIMM,16 GB,4R x 4,1333 Mbps,1.35 V,240,(DDP1G x 4) x 36,EOL
 M386B2G70DM0-YK0 ,DDR3,LRDIMM,16 GB,4R x 4,1600 Mbps,1.35 V,240,(DDP1G x 4) x 36,EOL
 M386B4G70BM0-CMA ,DDR3,LRDIMM,32 GB,4R x 4,1866 Mbps,1.5 V / 1.35 V,240,(DDP2G x 4) x 36,EOL
 M386B4G70BM0-YMA ,DDR3,LRDIMM,32 GB,4R x 4,1866 Mbps,1.5 V / 1.35 V,240,(DDP2G x 4) x 36,EOL
 M386B4G70DM0-CMA ,DDR3,LRDIMM,32 GB,4R x 4,1866 Mbps,1.5 V / 1.35 V,240,(DDP2G x 4) x 36,EOL
 M386B4G70DM0-YMA ,DDR3,LRDIMM,32 GB,4R x 4,1866 Mbps,1.5 V / 1.35 V,240,(DDP2G x 4) x 36,EOL
 M386B8G70BO0-CK0 ,DDR3,LRDIMM,64 GB,8R x 4,1600 Mbps,1.5 V / 1.35 V,240,(QDP4G x 4) x 36,EOL
 M386B8G70BO0-YK0 ,DDR3,LRDIMM,64 GB,8R x 4,1600 Mbps,1.5 V / 1.35 V,240,(QDP4G x 4) x 36,EOL
 M386B8G70DE0-CH9 ,DDR3,LRDIMM,64 GB,8R x 4,1333 Mbps,1.5 V / 1.35 V,240,(QDP4G x 4) x 36,EOL
 M386B8G70DE0-CK0 ,DDR3,LRDIMM,64 GB,8R x 4,1600 Mbps,1.5 V / 1.35 V,240,(QDP4G x 4) x 36,EOL
 M386B8G70DE0-YH9 ,DDR3,LRDIMM,64 GB,8R x 4,1333 Mbps,1.5 V / 1.35 V,240,(QDP4G x 4) x 36,EOL
 M386B8G70DE0-YK0 ,DDR3,LRDIMM,64 GB,8R x 4,1600 Mbps,1.5 V / 1.35 V,240,(QDP4G x 4) x 36,EOL
 M391A1G43DB0-CPB ,DDR4,ECC UDIMM,8 GB,2R x 8,2133 Mbps,1.2 V,288,(512M x 8) x 18,EOL
 M391A1G43DB1-CRC ,DDR4,ECC UDIMM,8 GB,2R x 8,2400 Mbps,1.2 V,288,(512M x 8) x 18,EOL
 M391A1G43EB1-CPB ,DDR4,ECC UDIMM,8 GB,2R x 8,2133 Mbps,1.2 V,288,(512M x 8) x 18,EOL
 M391A1G43EB1-CRC ,DDR4,ECC UDIMM,8 GB,2R x 8,2400 Mbps,1.2 V,288,(512M x 8) x 18,EOL
 M391A1K43BB1-CPB ,DDR4,ECC UDIMM,8 GB,1R x 8,2133 Mbps,1.2 V,288,(1G x 8) x 9,EOL
 M391A1K43BB1-CRC ,DDR4,ECC UDIMM,8 GB,1R x 8,2400 Mbps,1.2 V,288,(1G x 8) x 9,EOL
 M391A5143EB1-CPB ,DDR4,ECC UDIMM,4 GB,1R x 8,2133 Mbps,1.2 V,288,(512M x 8) x 9,EOL
 M391A5143EB1-CRC ,DDR4,ECC UDIMM,4 GB,1R x 8,2400 Mbps,1.2 V,288,(512M x 8) x 9,EOL
 M393A1G40DB0-CPB ,DDR4,RDIMM,8 GB,1R x 4,2133 Mbps,1.2 V,288,(1G x 4) x 18,EOL
 M393A1G40DB1-CRC ,DDR4,RDIMM,8 GB,1R x 4,2400 Mbps,1.2 V,288,(1G x 4) x 18,EOL
 M393A1G40EB1-CPB ,DDR4,RDIMM,8 GB,1R x 4,2133 Mbps,1.2 V,288,(1G x 4) x 18,EOL
 M393A1G40EB1-CRC ,DDR4,RDIMM,8 GB,1R x 4,2400 Mbps,1.2 V,288,(1G x 4) x 18,EOL
 M393A1G40EB2-CTD ,DDR4,RDIMM,8 GB,1R x 4,2666 Mbps,1.2 V,288,(1G x 4) x 18,EOL
 M393A1G43DB0-CPB ,DDR4,RDIMM,8 GB,2R x 8,2133 Mbps,1.2 V,288,(512M x 8) x 18,EOL
 M393A1G43DB1-CRC ,DDR4,RDIMM,8 GB,2R x 8,2400 Mbps,1.2 V,288,(512M x 8) x 18,EOL
 M393A1G43EB1-CPB ,DDR4,RDIMM,8 GB,2R x 8,2133 Mbps,1.2 V,288,(512M x 8) x 18,EOL
 M393A1G43EB1-CRC ,DDR4,RDIMM,8 GB,2R x 8,2400 Mbps,1.2 V,288,(512M x 8) x 18,EOL
 M393A1G43EB1-CTD ,DDR4,RDIMM,8 GB,2R x 8,2666 Mbps,1.2 V,288,(512M x 8) x 18,EOL
 M393A1K43BB0-CPB ,DDR4,RDIMM,8 GB,1R x 8,2133 Mbps,1.2 V,288,(1G x 8) x 9,EOL
 M393A1K43BB0-CRC ,DDR4,RDIMM,8 GB,1R x 8,2400 Mbps,1.2 V,288,(1G x 8) x 9,EOL
 M393A1K43BB1-CTD ,DDR4,RDIMM,8 GB,1R x 8,2666 Mbps,1.2 V,288,(1G x 8) x 9,EOL
 M393A2G40DB0-CPB ,DDR4,RDIMM,16 GB,2R x 4,2133 Mbps,1.2 V,288,(1G x 4) x 36,EOL
 M393A2G40DB1-CRC ,DDR4,RDIMM,16 GB,2R x 4,2400 Mbps,1.2 V,288,(1G x 4) x 36,EOL
 M393A2G40EB1-CPB ,DDR4,RDIMM,16 GB,2R x 4,2133 Mbps,1.2 V,288,(1G x 4) x 36,EOL
 M393A2G40EB1-CRC ,DDR4,RDIMM,16 GB,2R x 4,2400 Mbps,1.2 V,288,(1G x 4) x 36,EOL
 M393A2G40EB2-CTD ,DDR4,RDIMM,16 GB,2R x 4,2666 Mbps,1.2 V,288,(1G x 4) x 36,EOL
 M393A2K40BB0-CPB ,DDR4,RDIMM,16 GB,1R x 4,2133 Mbps,1.2 V,288,(2G x 4) x 18,EOL
 M393A2K40BB1-CRC ,DDR4,RDIMM,16 GB,1R x 4,2400 Mbps,1.2 V,288,(2G x 4) x 18,EOL
 M393A2K40BB2-CTD ,DDR4,RDIMM,16 GB,1R x 4,2666 Mbps,1.2 V,288,(2G x 4) x 18,EOL
 M393A2K40CB1-CRC ,DDR4,RDIMM,16 GB,1R x 4,2400 Mbps,1.2 V,288,(2G x 4) x 18,Mass Production
 M393A2K40CB2-CTD ,DDR4,RDIMM,16 GB,1R x 4,2666 Mbps,1.2 V,288,(2G x 4) x 18,Mass Production
 M393A2K43BB1-CPB ,DDR4,RDIMM,16 GB,2R x 8,2133 Mbps,1.2 V,288,(1G x 8) x 18,EOL
 M393A2K43BB1-CRC ,DDR4,RDIMM,16 GB,2R x 8,2400 Mbps,1.2 V,288,(1G x 8) x 18,EOL
 M393A2K43BB1-CTD ,DDR4,RDIMM,16 GB,2R x 8,2666 Mbps,1.2 V,288,(1G x 8) x 18,EOL
 M393A2K43CB1-CRC ,DDR4,RDIMM,16 GB,2R x 8,2400 Mbps,1.2 V,288,(1G x 8) x 18,Mass Production
 M393A2K43CB2-CTD ,DDR4,RDIMM,16 GB,2R x 8,2666 Mbps,1.2 V,288,(1G x 8) x 18,Mass Production
 M393A4K40BB0-CPB ,DDR4,RDIMM,32 GB,2R x 4,2133 Mbps,1.2 V,288,(2G x 4) x 36,EOL
 M393A4K40BB1-CRC ,DDR4,RDIMM,32 GB,2R x 4,2400 Mbps,1.2 V,288,(2G x 4) x 36,EOL
 M393A4K40BB2-CTD ,DDR4,RDIMM,32 GB,2R x 4,2666 Mbps,1.2 V,288,(2G x 4) x 36,EOL
 M393A4K40CB1-CRC ,DDR4,RDIMM,32 GB,2R x 4,2400 Mbps,1.2 V,288,(2G x 4) x 36,Mass Production
 M393A4K40CB2-CTD ,DDR4,RDIMM,32 GB,2R x 4,2666 Mbps,1.2 V,288,(2G x 4) x 36,Mass Production
 M393A5143DB0-CPB ,DDR4,RDIMM,4 GB,1R x 8,2133 Mbps,1.2 V,288,(512M x 8) x 9,EOL
 M393A5143DB0-CRC ,DDR4,RDIMM,4 GB,1R x 8,2400 Mbps,1.2 V,288,(512M x 8) x 9,EOL
 M393A8G40D40-CRB ,DDR4,RDIMM,64 GB,8R x 4,2133 Mbps,1.2 V,288,(4H TSV 4G x 4) x 36,EOL
 M393A8K40B21-CRB ,DDR4,RDIMM,64 GB,4R x 4,2133 Mbps,1.2 V,288,(2H 3DS 8G x 4) x 36,EOL
 M393A8K40B21-CTC ,DDR4,RDIMM,64 GB,4R x 4,2400 Mbps,1.2 V,288,(2H 3DS 8G x 4) x 36,EOL
 M393A8K40B22-CWD ,DDR4,RDIMM,64 GB,4R x 4,2666 Mbps,1.2 V,288,(2H 3DS 8G x 4) x 36,EOL
 M393AAK40B41-CTC ,DDR4,RDIMM,128 GB,8R x 4,2400 Mbps,1.2 V,288,(4H 3DS 8G x 4) x 36,EOL
 M393AAK40B42-CWD ,DDR4,RDIMM,128 GB,8R x 4,2666 Mbps,1.2 V,288,(4H 3DS 8G x 4) x 36,EOL
 M393B1G70BH0-CF8 ,DDR3,RDIMM,8 GB,1R x 4,1066 Mbps,1.5 V / 1.35 V,240,(1G x 4) x 18,EOL
 M393B1G70BH0-CH9 ,DDR3,RDIMM,8 GB,1R x 4,1333 Mbps,1.5 V / 1.35 V,240,(1G x 4) x 18,EOL
 M393B1G70BH0-CK0 ,DDR3,RDIMM,8 GB,1R x 4,1600 Mbps,1.5 V / 1.35 V,240,(1G x 4) x 18,EOL
 M393B1G70BH0-YF8 ,DDR3,RDIMM,8 GB,1R x 4,1066 Mbps,1.5 V / 1.35 V,240,(1G x 4) x 18,EOL
 M393B1G70BH0-YH9 ,DDR3,RDIMM,8 GB,1R x 4,1333 Mbps,1.5 V / 1.35 V,240,(1G x 4) x 18,EOL
 M393B1G70BH0-YK0 ,DDR3,RDIMM,8 GB,1R x 4,1600 Mbps,1.5 V / 1.35 V,240,(1G x 4) x 18,EOL
 M393B1G70DJ1-CF7 ,DDR3,RDIMM,8 GB,4R x 4,800 Mbps,1.5 V,240,(DDP512M x 4) x 36,EOL
 M393B1G70DJ1-CF8 ,DDR3,RDIMM,8 GB,4R x 4,1066 Mbps,1.5 V,240,(DDP512M x 4) x 36,EOL
 M393B1G70EB0-CK0 ,DDR3,RDIMM,8 GB,1R x 4,1600 Mbps,1.5 V / 1.35 V,240,(1G x 4) x 18,EOL
 M393B1G70EB0-CMA ,DDR3,RDIMM,8 GB,1R x 4,1866 Mbps,1.5 V / 1.35 V,240,(1G x 4) x 18,EOL
 M393B1G70EB0-YK0 ,DDR3,RDIMM,8 GB,1R x 4,1600 Mbps,1.5 V / 1.35 V,240,(1G x 4) x 18,EOL
 M393B1G70EB0-YMA ,DDR3,RDIMM,8 GB,1R x 4,1866 Mbps,1.5 V / 1.35 V,240,(1G x 4) x 18,EOL
 M393B1G70EM1-CF7 ,DDR3,RDIMM,8 GB,4R x 4,800 Mbps,1.5 V,240,(DDP512M x 4) x 36,EOL
 M393B1G70EM1-CF8 ,DDR3,RDIMM,8 GB,4R x 4,1066 Mbps,1.5 V,240,(DDP512M x 4) x 36,EOL
 M393B1G70QH0-CK0 ,DDR3,RDIMM,8 GB,1R x 4,1600 Mbps,1.5 V / 1.35 V,240,(1G x 4) x 18,EOL
 M393B1G70QH0-CMA ,DDR3,RDIMM,8 GB,1R x 4,1866 Mbps,1.5 V / 1.35 V,240,(1G x 4) x 18,EOL
 M393B1G70QH0-YK0 ,DDR3,RDIMM,8 GB,1R x 4,1600 Mbps,1.5 V / 1.35 V,240,(1G x 4) x 18,EOL
 M393B1G70QH0-YMA ,DDR3,RDIMM,8 GB,1R x 4,1866 Mbps,1.5 V / 1.35 V,240,(1G x 4) x 18,EOL
 M393B1G73BH0-CF8 ,DDR3,RDIMM,8 GB,2R x 8,1066 Mbps,1.5 V / 1.35 V,240,(512M x 8) x 18,EOL
 M393B1G73BH0-CH9 ,DDR3,RDIMM,8 GB,2R x 8,1333 Mbps,1.5 V / 1.35 V,240,(512M x 8) x 18,EOL
 M393B1G73BH0-CK0 ,DDR3,RDIMM,8 GB,2R x 8,1600 Mbps,1.5 V / 1.35 V,240,(512M x 8) x 18,EOL
 M393B1G73BH0-YF8 ,DDR3,RDIMM,8 GB,2R x 8,1066 Mbps,1.5 V / 1.35 V,240,(512M x 8) x 18,EOL
 M393B1G73BH0-YH9 ,DDR3,RDIMM,8 GB,2R x 8,1333 Mbps,1.5 V / 1.35 V,240,(512M x 8) x 18,EOL
 M393B1G73BH0-YK0 ,DDR3,RDIMM,8 GB,2R x 8,1600 Mbps,1.5 V / 1.35 V,240,(512M x 8) x 18,EOL
 M393B1G73EB0-CK0 ,DDR3,RDIMM,8 GB,2R x 8,1600 Mbps,1.5 V / 1.35 V,240,(512M x 8) x 18,EOL
 M321R2GA3BB0-CQK ,DDR5,RDIMM,16 GB,1R x 8,4800 Mbps,1.1 V,288,(2G x 8) x 10,Mass Production
M321R2GA3BB0-CWM,DDR5,RDIMM,16 GB,1R x 8,4800 Mbps,1.1 V,288,(2G x 8) x 10,Mass Production
M321R4GA3BB0-CQK,DDR5,RDIMM,32 GB,2R x 8,4800 Mbps,1.1 V,288,(2G x 8) x 10,Mass Production
